file_num,day,num_sick,number_recovered,number_stay_home_sick,number_masked_sick
0,0,1,0,0,0
1,1,4,0,0,0
2,2,29,0,0,0
3,3,185,0,0,0
4,4,995,0,0,0
5,5,4197,4,0,0
6,6,7695,29,0,0
7,7,7816,185,0,0
8,8,7006,995,0,0
9,9,3800,4201,0,0
10,10,277,7724,0,0
11,11,0,8001,0,0
12,0,1,0,0,0
13,1,3,0,0,0
14,2,9,0,0,0
15,3,26,0,0,0
16,4,84,0,0,0
17,5,225,3,2,0
18,6,652,9,5,5
19,7,1735,26,17,10
20,8,3865,84,29,30
21,9,6210,228,60,55
22,10,7002,661,67,70
23,11,6183,1761,62,70
24,12,4046,3949,50,50
25,13,1561,6438,17,25
26,14,336,7663,7,5
27,15,55,7944,0,0
28,16,4,7995,0,0
29,17,0,7999,0,0
30,0,1,0,0,0
31,1,7,0,0,1
32,2,17,0,0,1
33,3,48,0,0,1
34,4,153,0,4,4
35,5,445,7,8,8
36,6,1239,17,19,21
37,7,2979,48,62,49
38,8,5481,153,105,101
39,9,6947,452,131,136
40,10,6659,1256,137,134
41,11,4955,3027,95,110
42,12,2361,5634,49,55
43,13,598,7399,19,15
44,14,82,7915,2,4
45,15,15,7982,1,0
46,16,2,7995,0,0
47,17,0,7997,0,0
48,0,1,0,0,0
49,1,7,0,0,0
50,2,21,0,1,0
51,3,58,0,2,0
52,4,167,0,3,3
53,5,488,7,9,10
54,6,1285,21,29,27
55,7,3009,58,78,60
56,8,5488,167,145,124
57,9,6904,495,200,184
58,10,6590,1306,204,200
59,11,4918,3067,157,178
60,12,2337,5655,90,111
61,13,593,7399,29,44
62,14,97,7896,4,11
63,15,8,7985,1,0
64,16,1,7992,0,0
65,17,1,7992,0,0
66,18,0,7993,0,0
67,0,1,0,0,0
68,1,7,0,0,1
69,2,20,0,1,2
70,3,60,0,3,2
71,4,174,0,4,8
72,5,479,7,15,12
73,6,1274,20,36,45
74,7,3005,60,89,107
75,8,5455,174,184,183
76,9,6920,486,266,263
77,10,6595,1294,273,260
78,11,4915,3065,226,207
79,12,2366,5629,131,127
80,13,590,7406,38,42
81,14,107,7889,9,11
82,15,16,7980,1,2
83,16,1,7995,0,0
84,17,0,7996,0,0
85,0,1,0,0,0
86,1,5,0,0,1
87,2,10,0,0,1
88,3,34,0,0,1
89,4,97,0,3,2
90,5,255,5,8,9
91,6,735,10,21,33
92,7,1929,34,77,76
93,8,4126,97,182,167
94,9,6324,260,298,282
95,10,6977,745,349,329
96,11,5974,1963,310,309
97,12,3758,4223,208,226
98,13,1406,6584,90,106
99,14,269,7722,27,35
100,15,55,7937,10,13
101,16,11,7981,4,4
102,17,2,7990,1,1
103,18,1,7991,0,1
104,19,0,7992,0,0
105,0,1,0,0,0
106,1,3,0,0,0
107,2,11,0,0,1
108,3,29,0,3,2
109,4,82,0,4,8
110,5,244,3,14,20
111,6,645,11,29,40
112,7,1664,29,79,95
113,8,3742,82,187,192
114,9,6033,247,337,315
115,10,6960,656,412,401
116,11,6231,1693,388,371
117,12,4153,3824,285,276
118,13,1708,6280,127,142
119,14,375,7616,37,36
120,15,69,7924,8,12
121,16,16,7977,2,4
122,17,5,7988,0,3
123,18,2,7991,0,2
124,19,0,7993,0,0
125,0,1,0,0,0
126,1,2,0,0,0
127,2,3,0,0,0
128,3,9,0,0,0
129,4,28,0,0,1
130,5,78,2,5,3
131,6,217,3,9,13
132,7,572,9,22,33
133,8,1504,28,80,74
134,9,3367,80,199,175
135,10,5762,220,349,346
136,11,6922,581,477,456
137,12,6376,1532,462,462
138,13,4529,3447,349,379
139,14,2006,5982,198,200
140,15,489,7503,58,71
141,16,84,7908,15,23
142,17,16,7976,4,3
143,18,4,7988,1,1
144,19,0,7992,0,0
145,0,1,0,0,0
146,1,3,0,0,0
147,2,4,0,0,1
148,3,9,0,0,1
149,4,29,0,1,2
150,5,86,3,7,5
151,6,263,4,14,13
152,7,704,9,51,37
153,8,1796,29,120,94
154,9,3871,89,254,254
155,10,6100,267,462,424
156,11,6913,713,536,543
157,12,6101,1825,502,531
158,13,4016,3960,372,373
159,14,1621,6367,161,199
160,15,364,7626,50,57
161,16,65,7926,14,11
162,17,15,7976,4,6
163,18,3,7988,0,1
164,19,1,7990,0,0
165,20,0,7991,0,0
166,0,1,0,0,0
167,1,2,0,0,0
168,2,5,0,0,0
169,3,13,0,1,0
170,4,45,0,4,2
171,5,121,2,15,7
172,6,306,5,23,24
173,7,819,13,65,52
174,8,2050,45,161,143
175,9,4172,123,318,321
176,10,6257,311,528,500
177,11,6827,832,607,608
178,12,5835,2095,543,560
179,13,3685,4295,384,386
180,14,1424,6568,166,194
181,15,336,7659,44,60
182,16,65,7930,9,15
183,17,15,7980,0,6
184,18,3,7992,0,2
185,19,0,7995,0,0
186,0,1,0,0,0
187,1,4,0,0,1
188,2,9,0,0,1
189,3,24,0,3,2
190,4,71,0,6,5
191,5,182,4,19,15
192,6,497,9,42,41
193,7,1268,24,102,97
194,8,2944,71,259,218
195,9,5307,186,476,441
196,10,6764,506,648,638
197,11,6562,1292,663,661
198,12,4957,3015,526,571
199,13,2498,5493,304,339
200,14,729,7270,109,119
201,15,145,7854,31,39
202,16,27,7972,8,5
203,17,8,7991,0,3
204,18,0,7999,0,0
205,0,1,0,0,0
206,1,3,0,0,0
207,2,8,0,0,0
208,3,22,0,0,1
209,4,59,0,1,3
210,5,173,3,12,13
211,6,461,8,39,43
212,7,1211,22,111,106
213,8,2866,59,285,263
214,9,5275,176,542,484
215,10,6773,469,736,687
216,11,6617,1233,736,739
217,12,5036,2925,588,600
218,13,2535,5451,325,375
219,14,749,7242,104,144
220,15,141,7850,32,28
221,16,30,7961,5,8
222,17,5,7986,0,2
223,18,0,7991,0,0
224,0,1,0,0,0
225,1,2,0,0,1
226,2,7,0,0,1
227,3,25,0,0,3
228,4,71,0,4,4
229,5,197,2,18,14
230,6,531,7,58,45
231,7,1366,25,135,129
232,8,3086,71,327,307
233,9,5458,199,572,590
234,10,6795,538,780,785
235,11,6449,1391,791,785
236,12,4801,3157,620,637
237,13,2323,5657,363,351
238,14,652,7333,117,125
239,15,146,7840,29,39
240,16,28,7958,4,8
241,17,6,7980,2,0
242,18,1,7985,0,0
243,19,0,7986,0,0
244,0,1,0,0,0
245,1,4,0,0,0
246,2,12,0,2,2
247,3,37,0,7,4
248,4,96,0,11,11
249,5,270,4,29,25
250,6,741,12,84,71
251,7,1813,37,213,194
252,8,3797,96,460,422
253,9,6065,274,740,711
254,10,6828,753,873,873
255,11,6049,1850,791,812
256,12,4080,3893,559,597
257,13,1647,6339,266,298
258,14,408,7581,77,89
259,15,92,7899,25,26
260,16,18,7973,6,6
261,17,5,7986,1,2
262,18,2,7989,0,1
263,19,0,7991,0,0
264,0,1,0,0,0
265,1,3,0,0,1
266,2,15,0,5,2
267,3,36,0,9,4
268,4,102,0,14,15
269,5,298,3,40,33
270,6,806,15,102,96
271,7,1965,36,243,213
272,8,4057,102,530,468
273,9,6176,301,825,775
274,10,6784,821,932,913
275,11,5916,2001,849,875
276,12,3817,4159,569,631
277,13,1512,6477,253,307
278,14,387,7605,80,105
279,15,75,7917,18,24
280,16,16,7976,6,2
281,17,3,7989,1,0
282,18,0,7992,0,0
283,0,1,0,0,0
284,1,8,0,1,1
285,2,21,0,2,3
286,3,52,0,7,7
287,4,139,0,16,14
288,5,400,8,47,42
289,6,1063,21,125,127
290,7,2590,52,364,312
291,8,4961,139,696,627
292,9,6649,408,956,920
293,10,6683,1084,1020,998
294,11,5300,2642,811,865
295,12,2885,5100,482,552
296,13,933,7057,191,232
297,14,224,7767,49,67
298,15,51,7942,15,12
299,16,8,7985,3,3
300,17,3,7990,2,1
301,18,2,7991,1,1
302,19,0,7993,0,0
303,0,1,0,0,0
304,1,6,0,1,1
305,2,19,0,2,3
306,3,50,0,5,8
307,4,131,0,9,15
308,5,342,6,41,36
309,6,887,19,127,102
310,7,2154,50,302,277
311,8,4287,131,650,576
312,9,6261,348,966,935
313,10,6753,906,1076,1083
314,11,5719,2204,951,963
315,12,3555,4418,614,675
316,13,1378,6609,270,299
317,14,331,7659,73,84
318,15,69,7923,20,26
319,16,19,7973,5,8
320,17,5,7987,0,3
321,18,2,7990,0,2
322,19,0,7992,0,0
323,0,1,0,0,0
324,1,4,0,1,1
325,2,11,0,2,2
326,3,38,0,7,5
327,4,95,0,14,15
328,5,256,4,43,36
329,6,684,11,114,90
330,7,1672,38,279,226
331,8,3626,95,573,525
332,9,5823,260,961,884
333,10,6808,695,1135,1126
334,11,6174,1710,1048,1095
335,12,4247,3721,766,808
336,13,1905,6083,351,434
337,14,492,7503,107,140
338,15,112,7884,24,32
339,16,28,7968,5,10
340,17,8,7988,2,3
341,18,1,7995,0,0
342,19,0,7996,0,0
343,0,1,0,0,0
344,1,4,0,0,1
345,2,12,0,1,1
346,3,34,0,6,2
347,4,88,0,13,11
348,5,207,4,28,24
349,6,535,12,87,75
350,7,1312,34,210,185
351,8,2982,88,480,438
352,9,5217,211,881,825
353,10,6637,547,1153,1147
354,11,6464,1346,1170,1183
355,12,4879,3070,928,970
356,13,2556,5428,525,582
357,14,804,7184,195,210
358,15,178,7810,50,63
359,16,39,7949,15,14
360,17,4,7984,2,1
361,18,0,7988,0,0
362,0,1,0,0,0
363,1,6,0,1,1
364,2,13,0,1,2
365,3,39,0,3,5
366,4,121,0,17,18
367,5,345,6,49,54
368,6,891,13,142,150
369,7,2159,39,372,350
370,8,4241,121,733,713
371,9,6250,351,1141,1089
372,10,6743,904,1278,1266
373,11,5728,2198,1124,1139
374,12,3614,4362,760,779
375,13,1389,6601,323,370
376,14,349,7647,96,99
377,15,70,7926,18,23
378,16,20,7976,7,7
379,17,6,7990,3,3
380,18,0,7996,0,0
381,0,1,0,0,0
382,1,5,0,2,1
383,2,13,0,3,3
384,3,42,0,5,7
385,4,116,0,19,14
386,5,297,5,51,47
387,6,791,13,157,131
388,7,1967,42,367,339
389,8,3897,116,731,702
390,9,5982,302,1156,1094
391,10,6742,804,1328,1308
392,11,5901,2009,1205,1219
393,12,3964,4013,844,873
394,13,1703,6284,386,450
395,14,444,7546,109,151
396,15,81,7910,21,28
397,16,14,7977,4,4
398,17,4,7987,3,1
399,18,1,7990,1,0
400,19,0,7991,0,0
401,0,1,0,0,0
402,1,4,0,0,1
403,2,9,0,0,2
404,3,17,0,0,4
405,4,53,0,6,9
406,5,133,4,19,18
407,6,349,9,56,51
408,7,916,17,162,144
409,8,2160,53,388,368
410,9,4298,137,820,791
411,10,6302,358,1261,1255
412,11,6711,933,1419,1407
413,12,5705,2213,1264,1268
414,13,3536,4435,833,856
415,14,1325,6660,357,364
416,15,345,7644,94,120
417,16,71,7918,17,30
418,17,18,7971,3,9
419,18,4,7985,1,3
420,19,0,7989,0,0
421,0,1,0,0,0
422,1,3,0,0,1
423,2,5,0,0,2
424,3,18,0,3,3
425,4,49,0,9,9
426,5,132,3,23,26
427,6,344,5,70,67
428,7,876,18,189,157
429,8,2050,49,445,363
430,9,4118,135,887,744
431,10,6159,349,1311,1227
432,11,6748,894,1472,1454
433,12,5796,2099,1273,1341
434,13,3713,4253,837,970
435,14,1479,6508,373,455
436,15,349,7642,92,139
437,16,96,7895,29,40
438,17,25,7966,9,12
439,18,4,7987,2,2
440,19,0,7991,0,0
441,0,1,0,0,0
442,1,4,0,1,0
443,2,9,0,2,2
444,3,24,0,7,3
445,4,58,0,14,12
446,5,147,4,36,29
447,6,382,9,81,69
448,7,977,24,198,195
449,8,2299,58,469,461
450,9,4462,151,959,924
451,10,6335,391,1424,1357
452,11,6664,1001,1566,1512
453,12,5563,2357,1344,1326
454,13,3359,4613,836,872
455,14,1262,6726,329,405
456,15,325,7665,65,124
457,16,71,7920,9,35
458,17,19,7972,4,9
459,18,3,7988,0,1
460,19,1,7990,0,0
461,20,0,7991,0,0
462,0,1,0,0,0
463,1,3,0,1,0
464,2,8,0,2,0
465,3,22,0,7,3
466,4,53,0,11,9
467,5,137,3,35,29
468,6,377,8,87,77
469,7,937,22,215,183
470,8,2195,53,498,442
471,9,4297,140,979,912
472,10,6191,385,1442,1384
473,11,6646,959,1585,1569
474,12,5647,2248,1380,1419
475,13,3530,4437,889,964
476,14,1409,6576,381,451
477,15,385,7605,107,159
478,16,96,7895,25,45
479,17,24,7967,10,10
480,18,6,7985,2,3
481,19,1,7990,0,1
482,20,0,7991,0,0
483,0,1,0,0,0
484,1,5,0,1,1
485,2,13,0,3,4
486,3,35,0,9,13
487,4,92,0,26,22
488,5,236,5,60,55
489,6,610,13,147,131
490,7,1474,35,336,314
491,8,3170,92,738,683
492,9,5417,241,1303,1208
493,10,6672,623,1626,1610
494,11,6329,1509,1605,1602
495,12,4689,3262,1219,1268
496,13,2325,5658,629,729
497,14,694,7295,219,251
498,15,155,7838,46,68
499,16,42,7951,13,24
500,17,10,7983,3,4
501,18,4,7989,1,1
502,19,0,7993,0,0
503,0,1,0,0,0
504,1,3,0,0,1
505,2,6,0,0,1
506,3,13,0,1,2
507,4,33,0,8,4
508,5,99,3,31,16
509,6,246,6,69,55
510,7,624,13,157,143
511,8,1502,33,358,337
512,9,3206,102,775,727
513,10,5381,252,1338,1259
514,11,6614,637,1703,1642
515,12,6271,1535,1655,1650
516,13,4635,3308,1256,1306
517,14,2342,5633,665,751
518,15,735,7251,215,285
519,16,182,7806,56,82
520,17,45,7943,15,23
521,18,13,7975,5,7
522,19,2,7986,1,1
523,20,0,7988,0,0
524,0,1,0,0,0
525,1,2,0,0,0
526,2,6,0,1,0
527,3,15,0,2,3
528,4,46,0,7,8
529,5,116,2,24,24
530,6,302,6,73,69
531,7,777,15,217,170
532,8,1829,46,481,402
533,9,3736,118,986,848
534,10,5775,308,1522,1402
535,11,6623,792,1759,1739
536,12,5970,1875,1626,1674
537,13,4103,3854,1132,1268
538,14,1899,6083,554,681
539,15,570,7415,173,242
540,16,143,7845,38,72
541,17,31,7957,10,16
542,18,6,7982,2,4
543,19,3,7985,1,2
544,20,0,7988,0,0
545,0,1,0,0,0
546,1,3,0,1,1
547,2,7,0,3,3
548,3,17,0,6,3
549,4,44,0,15,8
550,5,103,3,28,25
551,6,266,7,74,57
552,7,656,17,175,146
553,8,1576,44,420,375
554,9,3367,106,901,827
555,10,5563,273,1502,1450
556,11,6655,673,1849,1819
557,12,6216,1620,1746,1786
558,13,4478,3473,1289,1362
559,14,2146,5836,653,720
560,15,662,7328,203,268
561,16,155,7836,53,67
562,17,40,7951,15,21
563,18,9,7982,2,6
564,19,1,7990,1,0
565,20,0,7991,0,0
566,0,1,0,0,0
567,1,5,0,2,1
568,2,18,0,3,4
569,3,49,0,14,13
570,4,141,0,35,41
571,5,360,5,96,90
572,6,895,18,242,213
573,7,2081,49,569,491
574,8,4004,141,1116,1001
575,9,5981,365,1716,1602
576,10,6637,913,1924,1923
577,11,5766,2130,1696,1772
578,12,3825,4145,1151,1266
579,13,1644,6346,499,622
580,14,441,7550,145,175
581,15,95,7896,35,39
582,16,21,7970,12,7
583,17,1,7990,1,0
584,18,0,7991,0,0
585,0,1,0,0,0
586,1,5,0,2,1
587,2,13,0,3,2
588,3,40,0,9,4
589,4,123,0,33,23
590,5,339,5,97,80
591,6,839,13,235,220
592,7,2001,40,544,533
593,8,3930,123,1111,1061
594,9,5921,344,1722,1676
595,10,6634,852,1980,1950
596,11,5824,2041,1801,1799
597,12,3906,4053,1245,1292
598,13,1710,6265,574,628
599,14,497,7486,179,217
600,15,119,7865,44,53
601,16,25,7959,9,13
602,17,9,7975,3,4
603,18,1,7983,1,0
604,19,0,7984,0,0
605,0,1,0,0,0
606,1,3,0,1,1
607,2,7,0,2,1
608,3,12,0,4,1
609,4,28,0,10,4
610,5,66,3,19,13
611,6,180,7,50,42
612,7,426,12,115,115
613,8,1050,28,290,295
614,9,2365,69,703,637
615,10,4333,187,1312,1199
616,11,6117,438,1914,1800
617,12,6512,1078,2062,1989
618,13,5467,2434,1724,1780
619,14,3452,4520,1102,1224
620,15,1428,6555,436,558
621,16,396,7590,109,187
622,17,89,7901,26,45
623,18,19,7972,8,10
624,19,8,7983,5,2
625,20,5,7986,3,1
626,21,1,7990,1,0
627,22,0,7991,0,0
628,0,1,0,0,0
629,1,2,0,0,1
630,2,3,0,1,1
631,3,11,0,3,5
632,4,23,0,5,8
633,5,61,2,11,22
634,6,165,3,40,54
635,7,433,11,126,140
636,8,1067,23,328,309
637,9,2476,63,773,707
638,10,4556,168,1457,1319
639,11,6258,444,1995,1898
640,12,6563,1090,2116,2075
641,13,5367,2539,1747,1774
642,14,3240,4724,1050,1163
643,15,1279,6702,429,505
644,16,332,7653,105,158
645,17,79,7906,23,46
646,18,22,7964,6,14
647,19,5,7981,1,3
648,20,1,7985,0,1
649,21,1,7985,0,1
650,22,0,7986,0,0
651,0,1,0,0,0
652,1,6,0,2,3
653,2,13,0,3,5
654,3,34,0,10,15
655,4,89,0,27,30
656,5,234,6,72,70
657,6,607,13,193,165
658,7,1440,34,458,404
659,8,3099,89,978,888
660,9,5236,240,1704,1585
661,10,6541,620,2164,2084
662,11,6317,1474,2104,2105
663,12,4758,3188,1613,1690
664,13,2500,5476,850,969
665,14,824,7161,271,378
666,15,195,7791,59,109
667,16,40,7946,13,25
668,17,10,7976,3,6
669,18,1,7985,0,1
670,19,0,7986,0,0
671,0,1,0,0,0
672,1,2,0,1,0
673,2,5,0,2,1
674,3,16,0,6,3
675,4,48,0,18,8
676,5,120,2,38,31
677,6,301,5,97,88
678,7,762,16,236,208
679,8,1768,48,569,520
680,9,3543,122,1159,1096
681,10,5602,306,1862,1785
682,11,6592,778,2251,2216
683,12,6013,1816,2069,2102
684,13,4285,3665,1505,1560
685,14,2064,5908,751,825
686,15,610,7370,221,278
687,16,152,7829,58,76
688,17,31,7950,11,19
689,18,9,7972,2,7
690,19,1,7980,0,1
691,20,0,7981,0,0
692,0,1,0,0,0
693,1,2,0,0,0
694,2,7,0,1,2
695,3,15,0,3,4
696,4,35,0,6,12
697,5,104,2,34,34
698,6,258,7,80,90
699,7,639,15,214,196
700,8,1481,35,505,468
701,9,3109,106,1082,981
702,10,5134,265,1772,1691
703,11,6432,654,2238,2189
704,12,6233,1516,2202,2181
705,13,4710,3215,1658,1737
706,14,2574,5399,937,1000
707,15,896,7086,337,400
708,16,237,7749,80,131
709,17,61,7925,19,40
710,18,13,7973,3,9
711,19,4,7982,1,3
712,20,0,7986,0,0
713,0,1,0,0,0
714,1,4,0,1,2
715,2,15,0,6,4
716,3,36,0,13,10
717,4,83,0,23,29
718,5,215,4,78,76
719,6,547,15,183,186
720,7,1288,36,458,406
721,8,2821,83,1005,926
722,9,4937,219,1792,1654
723,10,6383,562,2310,2225
724,11,6363,1324,2287,2322
725,12,5003,2904,1813,1884
726,13,2802,5156,991,1127
727,14,1030,6945,369,454
728,15,289,7687,110,132
729,16,69,7907,27,31
730,17,18,7958,6,11
731,18,1,7975,0,1
732,19,0,7976,0,0
733,0,1,0,0,0
734,1,5,0,0,2
735,2,11,0,2,3
736,3,27,0,8,9
737,4,66,0,21,26
738,5,168,5,52,58
739,6,453,11,154,162
740,7,1041,27,364,351
741,8,2260,66,789,765
742,9,4202,173,1501,1429
743,10,5952,464,2200,2085
744,11,6431,1068,2374,2368
745,12,5515,2326,2080,2096
746,13,3571,4375,1381,1445
747,14,1553,6416,586,698
748,15,476,7499,199,222
749,16,134,7841,55,63
750,17,30,7946,11,16
751,18,8,7969,4,2
752,19,2,7975,1,0
753,20,2,7975,1,0
754,21,1,7976,1,0
755,22,0,7977,0,0
756,0,1,0,0,0
757,1,2,0,0,1
758,2,5,0,3,1
759,3,13,0,5,4
760,4,41,0,14,15
761,5,103,2,37,38
762,6,255,5,90,91
763,7,655,13,254,210
764,8,1522,41,560,529
765,9,3126,105,1146,1113
766,10,5140,260,1914,1870
767,11,6423,668,2420,2398
768,12,6177,1563,2356,2365
769,13,4687,3231,1820,1846
770,14,2563,5400,1013,1061
771,15,887,7091,351,415
772,16,242,7740,101,121
773,17,64,7918,28,32
774,18,20,7963,12,7
775,19,5,7978,2,3
776,20,1,7982,1,0
777,21,1,7982,1,0
778,22,0,7983,0,0
779,0,1,0,0,0
780,1,1,0,0,0
781,2,1,0,0,0
782,3,2,0,0,1
783,4,3,0,0,2
784,5,11,1,3,6
785,6,25,1,7,11
786,7,67,2,23,29
787,8,179,3,63,70
788,9,430,12,155,163
789,10,1060,26,404,382
790,11,2317,69,862,846
791,12,4274,182,1666,1553
792,13,6009,442,2352,2240
793,14,6441,1086,2530,2491
794,15,5481,2386,2189,2169
795,16,3496,4456,1370,1469
796,17,1520,6451,593,698
797,18,448,7527,164,225
798,19,109,7867,32,64
799,20,25,7952,8,15
800,21,6,7971,4,2
801,22,2,7975,2,0
802,23,1,7976,1,0
803,24,0,7977,0,0
804,0,1,0,0,0
805,1,4,0,0,1
806,2,10,0,2,4
807,3,22,0,7,8
808,4,52,0,15,21
809,5,119,4,38,49
810,6,301,10,101,116
811,7,739,22,274,280
812,8,1676,52,659,613
813,9,3365,123,1364,1232
814,10,5353,311,2148,2035
815,11,6412,761,2584,2504
816,12,6038,1728,2440,2435
817,13,4431,3488,1776,1863
818,14,2302,5664,937,1023
819,15,799,7173,327,388
820,16,209,7766,79,112
821,17,59,7919,16,38
822,18,12,7966,6,5
823,19,6,7972,2,3
824,20,3,7975,1,2
825,21,0,7978,0,0
826,0,1,0,0,0
827,1,5,0,1,3
828,2,18,0,7,9
829,3,46,0,18,20
830,4,124,0,46,52
831,5,298,5,117,109
832,6,688,18,274,246
833,7,1592,46,638,580
834,8,3180,124,1274,1214
835,9,5189,303,2144,2015
836,10,6348,706,2637,2538
837,11,6096,1638,2521,2538
838,12,4596,3304,1917,1963
839,13,2458,5492,998,1126
840,14,910,7054,348,466
841,15,238,7734,90,127
842,16,72,7900,30,36
843,17,22,7950,7,12
844,18,8,7964,1,6
845,19,1,7972,1,0
846,20,1,7972,1,0
847,21,1,7972,1,0
848,22,1,7972,1,0
849,23,0,7973,0,0
850,0,1,0,0,0
851,1,3,0,0,2
852,2,8,0,3,4
853,3,24,0,8,10
854,4,64,0,28,23
855,5,162,3,75,51
856,6,416,8,181,143
857,7,1016,24,442,363
858,8,2182,64,915,828
859,9,4029,165,1692,1599
860,10,5784,424,2423,2373
861,11,6394,1040,2678,2706
862,12,5586,2246,2344,2432
863,13,3740,4194,1564,1676
864,14,1753,6208,735,822
865,15,535,7434,215,269
866,16,141,7832,60,65
867,17,39,7934,16,20
868,18,12,7961,5,6
869,19,4,7969,4,0
870,20,0,7973,0,0
871,0,1,0,0,0
872,1,2,0,1,0
873,2,6,0,2,3
874,3,17,0,8,8
875,4,47,0,21,15
876,5,127,2,47,55
877,6,307,6,134,112
878,7,728,17,308,288
879,8,1638,47,685,668
880,9,3258,129,1395,1322
881,10,5223,313,2251,2190
882,11,6332,745,2763,2671
883,12,6040,1685,2631,2605
884,13,4520,3387,1968,2001
885,14,2421,5536,1040,1105
886,15,894,7077,352,452
887,16,252,7725,95,136
888,17,71,7907,21,47
889,18,21,7957,5,15
890,19,7,7971,1,6
891,20,1,7977,0,1
892,21,0,7978,0,0
893,0,1,0,0,0
894,1,4,0,1,1
895,2,11,0,6,2
896,3,28,0,11,12
897,4,68,0,26,28
898,5,158,4,75,60
899,6,372,11,150,165
900,7,902,28,403,360
901,8,1987,68,893,798
902,9,3781,162,1693,1550
903,10,5597,383,2497,2358
904,11,6350,930,2800,2774
905,12,5747,2055,2516,2589
906,13,3986,3943,1723,1866
907,14,1994,5980,855,980
908,15,702,7280,297,363
909,16,180,7802,76,94
910,17,53,7929,19,32
911,18,8,7974,3,4
912,19,0,7982,0,0
913,0,1,0,0,0
914,1,5,0,1,1
915,2,8,0,2,3
916,3,26,0,13,9
917,4,63,0,35,22
918,5,152,5,78,61
919,6,349,8,178,139
920,7,810,26,384,337
921,8,1815,63,826,778
922,9,3564,157,1635,1533
923,10,5498,357,2474,2421
924,11,6413,836,2892,2860
925,12,5905,1878,2651,2681
926,13,4212,3721,1859,1966
927,14,2109,5855,932,1015
928,15,726,7249,303,376
929,16,194,7783,80,103
930,17,45,7933,19,24
931,18,16,7964,7,8
932,19,5,7975,1,4
933,20,3,7977,1,2
934,21,2,7978,1,1
935,22,0,7980,0,0
936,0,1,0,0,0
937,1,4,0,1,2
938,2,10,0,5,3
939,3,20,0,10,7
940,4,50,0,23,23
941,5,125,4,59,56
942,6,289,10,138,128
943,7,713,20,338,310
944,8,1607,50,757,702
945,9,3153,129,1471,1381
946,10,5186,299,2411,2313
947,11,6332,733,2933,2861
948,12,6067,1657,2784,2803
949,13,4628,3282,2114,2188
950,14,2469,5485,1106,1209
951,15,900,7065,384,481
952,16,246,7724,104,133
953,17,60,7910,23,34
954,18,17,7954,9,8
955,19,6,7965,4,2
956,20,1,7970,1,0
957,21,1,7970,1,0
958,22,0,7971,0,0
959,0,1,0,0,0
960,1,6,0,3,2
961,2,15,0,6,8
962,3,41,0,19,17
963,4,108,0,54,45
964,5,264,6,134,111
965,6,658,15,337,283
966,7,1538,41,771,674
967,8,3061,108,1502,1349
968,9,5027,270,2410,2284
969,10,6295,673,2972,2906
970,11,6104,1579,2833,2895
971,12,4727,3169,2159,2308
972,13,2652,5297,1190,1334
973,14,1004,6968,431,548
974,15,295,7683,127,161
975,16,82,7896,35,45
976,17,29,7949,13,16
977,18,7,7972,4,3
978,19,1,7978,0,1
979,20,1,7978,0,1
980,21,1,7978,0,1
981,22,0,7979,0,0
982,0,1,0,0,0
983,1,2,0,1,0
984,2,5,0,2,1
985,3,12,0,5,5
986,4,32,0,17,13
987,5,73,2,37,32
988,6,189,5,95,82
989,7,469,12,240,202
990,8,1079,32,542,479
991,9,2272,75,1107,1048
992,10,4151,194,2010,1940
993,11,5848,481,2820,2769
994,12,6321,1111,3010,3058
995,13,5463,2347,2600,2663
996,14,3592,4345,1705,1780
997,15,1633,6329,758,841
998,16,542,7432,258,275
999,17,165,7810,82,83
1000,18,39,7937,16,23
1001,19,14,7962,5,9
1002,20,2,7974,1,1
1003,21,1,7975,1,0
1004,22,0,7976,0,0
1005,0,1,0,0,0
1006,1,5,0,2,2
1007,2,11,0,5,5
1008,3,32,0,15,14
1009,4,77,0,39,34
1010,5,182,5,95,82
1011,6,438,11,233,191
1012,7,1022,32,537,456
1013,8,2214,77,1123,1035
1014,9,3975,187,1998,1878
1015,10,5760,449,2858,2775
1016,11,6289,1054,3071,3095
1017,12,5484,2291,2664,2718
1018,13,3764,4162,1793,1914
1019,14,1753,6209,808,925
1020,15,627,7343,282,338
1021,16,201,7775,80,121
1022,17,50,7926,18,32
1023,18,14,7962,2,12
1024,19,6,7970,1,5
1025,20,0,7976,0,0
1026,0,1,0,0,0
1027,1,2,0,1,0
1028,2,4,0,1,2
1029,3,11,0,6,4
1030,4,28,0,14,13
1031,5,70,2,35,35
1032,6,163,4,83,80
1033,7,400,11,194,205
1034,8,908,28,468,439
1035,9,1908,72,988,919
1036,10,3563,167,1847,1715
1037,11,5388,411,2766,2622
1038,12,6286,936,3174,3112
1039,13,5787,1980,2873,2914
1040,14,4188,3730,2025,2163
1041,15,2154,5799,1011,1143
1042,16,745,7222,328,417
1043,17,204,7767,87,117
1044,18,55,7918,29,26
1045,19,21,7953,8,13
1046,20,7,7967,1,6
1047,21,3,7971,1,2
1048,22,1,7973,0,1
1049,23,0,7974,0,0
1050,0,1,0,0,0
1051,1,4,0,2,1
1052,2,7,0,3,3
1053,3,16,0,8,7
1054,4,45,0,25,19
1055,5,104,4,54,50
1056,6,251,7,128,123
1057,7,610,16,312,298
1058,8,1359,45,692,667
1059,9,2813,108,1396,1416
1060,10,4691,258,2367,2323
1061,11,6094,626,3051,3042
1062,12,6172,1404,3013,3158
1063,13,4926,2921,2398,2528
1064,14,2995,4949,1395,1600
1065,15,1245,6720,528,717
1066,16,394,7576,172,222
1067,17,125,7847,54,71
1068,18,29,7944,11,18
1069,19,8,7965,5,3
1070,20,3,7970,2,1
1071,21,1,7972,0,1
1072,22,0,7973,0,0
1073,0,1,0,0,0
1074,1,5,0,1,3
1075,2,11,0,5,5
1076,3,30,0,15,14
1077,4,67,0,36,30
1078,5,172,5,94,78
1079,6,412,11,215,197
1080,7,939,30,484,455
1081,8,1997,67,1008,989
1082,9,3735,177,1842,1892
1083,10,5522,423,2715,2806
1084,11,6305,969,3044,3260
1085,12,5706,2064,2706,2999
1086,13,4000,3912,1867,2133
1087,14,2014,5945,887,1127
1088,15,702,7274,284,418
1089,16,209,7770,78,131
1090,17,67,7912,24,43
1091,18,20,7959,6,14
1092,19,3,7976,1,2
1093,20,0,7979,0,0
1094,0,1,0,0,0
1095,1,1,0,0,0
1096,2,2,0,0,1
1097,3,4,0,1,2
1098,4,11,0,5,5
1099,5,24,1,12,12
1100,6,58,2,30,28
1101,7,146,4,73,73
1102,8,369,11,189,180
1103,9,822,25,404,418
1104,10,1776,60,878,898
1105,11,3391,150,1666,1724
1106,12,5241,380,2535,2705
1107,13,6285,847,2988,3296
1108,14,5889,1836,2749,3139
1109,15,4366,3541,1981,2385
1110,16,2329,5621,1011,1318
1111,17,834,7132,342,492
1112,18,246,7725,89,157
1113,19,64,7907,25,39
1114,20,21,7950,6,15
1115,21,5,7966,0,5
1116,22,0,7971,0,0
1117,0,1,0,0,0
1118,1,3,0,1,1
1119,2,10,0,4,5
1120,3,22,0,11,10
1121,4,61,0,34,26
1122,5,132,3,69,63
1123,6,304,10,157,147
1124,7,689,22,342,347
1125,8,1521,61,750,771
1126,9,3004,135,1435,1569
1127,10,4892,314,2300,2591
1128,11,6153,711,2832,3320
1129,12,6057,1582,2743,3313
1130,13,4721,3139,2120,2600
1131,14,2728,5206,1195,1533
1132,15,1093,6864,477,616
1133,16,326,7639,138,188
1134,17,106,7860,40,66
1135,18,32,7934,9,23
1136,19,9,7957,3,6
1137,20,1,7965,0,1
1138,21,0,7966,0,0
1139,0,1,0,0,0
1140,1,6,0,2,3
1141,2,12,0,5,6
1142,3,31,0,12,18
1143,4,83,0,37,45
1144,5,205,6,107,98
1145,6,467,12,233,234
1146,7,1041,31,496,545
1147,8,2162,83,1033,1129
1148,9,4010,211,1852,2158
1149,10,5779,479,2642,3136
1150,11,6327,1072,2850,3476
1151,12,5574,2245,2455,3118
1152,13,3712,4221,1609,2102
1153,14,1709,6258,702,1007
1154,15,574,7399,227,347
1155,16,156,7819,60,96
1156,17,43,7933,16,27
1157,18,10,7967,5,5
1158,19,4,7973,2,2
1159,20,2,7975,2,0
1160,21,1,7976,1,0
1161,22,0,7977,0,0
1162,0,1,0,0,0
1163,1,4,0,0,3
1164,2,12,0,2,9
1165,3,29,0,15,13
1166,4,70,0,38,31
1167,5,162,4,80,82
1168,6,371,12,181,190
1169,7,858,29,409,449
1170,8,1866,70,862,1004
1171,9,3494,166,1560,1933
1172,10,5309,383,2360,2948
1173,11,6244,887,2753,3490
1174,12,5801,1936,2513,3287
1175,13,4243,3660,1837,2406
1176,14,2258,5692,955,1303
1177,15,842,7131,327,515
1178,16,243,7737,96,147
1179,17,77,7903,32,45
1180,18,30,7950,11,19
1181,19,7,7973,5,2
1182,20,0,7980,0,0
1183,0,1,0,0,0
1184,1,5,0,0,4
1185,2,13,0,4,8
1186,3,28,0,11,16
1187,4,65,0,30,33
1188,5,140,5,63,76
1189,6,334,13,159,174
1190,7,757,28,331,425
1191,8,1664,65,719,945
1192,9,3149,145,1406,1743
1193,10,5072,347,2219,2853
1194,11,6191,785,2694,3497
1195,12,5948,1729,2576,3372
1196,13,4607,3294,1929,2678
1197,14,2535,5419,1035,1500
1198,15,991,6976,386,605
1199,16,294,7677,98,196
1200,17,70,7901,25,45
1201,18,17,7954,6,11
1202,19,4,7967,1,3
1203,20,0,7971,0,0
1204,0,1,0,0,0
1205,1,4,0,1,2
1206,2,6,0,2,3
1207,3,12,0,7,4
1208,4,32,0,13,18
1209,5,78,4,39,39
1210,6,188,6,85,103
1211,7,430,12,192,238
1212,8,969,32,416,552
1213,9,2066,82,912,1153
1214,10,3817,194,1662,2154
1215,11,5652,442,2436,3215
1216,12,6291,1001,2671,3620
1217,13,5609,2148,2322,3287
1218,14,3907,4011,1580,2327
1219,15,1852,6094,704,1148
1220,16,667,7292,246,421
1221,17,207,7757,73,134
1222,18,48,7918,18,30
1223,19,20,7946,8,12
1224,20,7,7959,1,6
1225,21,2,7964,0,2
1226,22,0,7966,0,0
1227,0,1,0,0,0
1228,1,4,0,1,2
1229,2,10,0,4,5
1230,3,28,0,14,13
1231,4,60,0,30,29
1232,5,154,4,74,80
1233,6,368,10,162,206
1234,7,826,28,359,467
1235,8,1792,60,773,1019
1236,9,3372,158,1438,1934
1237,10,5235,378,2198,3036
1238,11,6229,854,2583,3645
1239,12,5863,1852,2383,3479
1240,13,4368,3530,1734,2633
1241,14,2337,5613,898,1439
1242,15,884,7083,311,573
1243,16,255,7715,82,173
1244,17,74,7898,22,52
1245,18,22,7950,7,15
1246,19,5,7967,2,3
1247,20,2,7970,1,1
1248,21,0,7972,0,0
1249,0,1,0,0,0
1250,1,5,0,0,4
1251,2,13,0,3,9
1252,3,28,0,9,18
1253,4,73,0,35,37
1254,5,163,5,79,84
1255,6,373,13,172,201
1256,7,872,28,375,497
1257,8,1938,73,823,1115
1258,9,3589,168,1489,2099
1259,10,5434,386,2220,3213
1260,11,6320,900,2535,3784
1261,12,5735,2011,2259,3475
1262,13,4158,3757,1611,2547
1263,14,2138,5820,794,1344
1264,15,748,7220,272,476
1265,16,227,7746,75,152
1266,17,59,7915,13,46
1267,18,16,7958,3,13
1268,19,6,7968,1,5
1269,20,1,7973,0,1
1270,21,0,7974,0,0
1271,0,1,0,0,0
1272,1,5,0,1,3
1273,2,17,0,4,12
1274,3,40,0,14,25
1275,4,107,0,38,68
1276,5,261,5,97,164
1277,6,612,17,242,370
1278,7,1380,40,564,816
1279,8,2816,107,1134,1681
1280,9,4750,266,1899,2850
1281,10,6135,629,2425,3709
1282,11,6194,1420,2413,3780
1283,12,4956,2923,1905,3051
1284,13,2935,5016,1103,1832
1285,14,1209,6764,436,773
1286,15,365,7614,118,247
1287,16,102,7879,32,70
1288,17,30,7951,9,21
1289,18,8,7973,2,6
1290,19,2,7979,0,2
1291,20,0,7981,0,0
1292,0,1,0,0,0
1293,1,2,0,0,1
1294,2,2,0,0,1
1295,3,5,0,3,1
1296,4,17,0,5,11
1297,5,39,2,14,25
1298,6,87,2,40,47
1299,7,214,5,92,122
1300,8,496,17,192,304
1301,9,1087,41,417,670
1302,10,2256,89,860,1396
1303,11,4053,219,1577,2475
1304,12,5708,513,2205,3502
1305,13,6242,1128,2407,3834
1306,14,5461,2345,2091,3369
1307,15,3637,4272,1345,2292
1308,16,1731,6221,622,1109
1309,17,596,7370,193,403
1310,18,166,7806,41,125
1311,19,63,7909,15,48
1312,20,21,7952,8,13
1313,21,7,7966,1,6
1314,22,1,7972,0,1
1315,23,1,7972,0,1
1316,24,0,7973,0,0
1317,0,1,0,0,0
1318,1,6,0,4,1
1319,2,19,0,8,10
1320,3,49,0,19,29
1321,4,118,0,38,79
1322,5,289,6,105,184
1323,6,677,19,269,408
1324,7,1504,49,596,907
1325,8,2957,118,1161,1795
1326,9,4842,295,1857,2984
1327,10,6130,696,2286,3843
1328,11,6051,1553,2211,3840
1329,12,4786,3075,1721,3065
1330,13,2794,5137,976,1818
1331,14,1134,6826,386,748
1332,15,365,7604,124,241
1333,16,112,7861,31,81
1334,17,42,7931,9,33
1335,18,13,7960,2,11
1336,19,4,7969,1,3
1337,20,0,7973,0,0
1338,0,1,0,0,0
1339,1,5,0,0,4
1340,2,12,0,3,8
1341,3,33,0,11,21
1342,4,79,0,28,50
1343,5,188,5,76,112
1344,6,448,12,169,279
1345,7,1003,33,397,606
1346,8,2092,79,813,1278
1347,9,3854,193,1465,2388
1348,10,5543,460,2070,3472
1349,11,6234,1036,2264,3969
1350,12,5595,2171,1964,3631
1351,13,3852,4047,1306,2546
1352,14,1942,6003,620,1322
1353,15,689,7270,196,493
1354,16,201,7766,65,136
1355,17,69,7899,23,46
1356,18,23,7945,8,15
1357,19,9,7959,2,7
1358,20,1,7967,0,1
1359,21,0,7968,0,0
1360,0,1,0,0,0
1361,1,5,0,0,4
1362,2,13,0,4,8
1363,3,32,0,13,18
1364,4,78,0,33,44
1365,5,182,5,67,115
1366,6,446,13,166,280
1367,7,1043,32,391,652
1368,8,2178,78,807,1371
1369,9,3889,187,1458,2431
1370,10,5658,459,2063,3594
1371,11,6253,1075,2199,4053
1372,12,5522,2256,1898,3623
1373,13,3837,4076,1249,2587
1374,14,1836,6117,552,1284
1375,15,634,7328,186,448
1376,16,187,7778,53,134
1377,17,53,7913,17,36
1378,18,13,7953,6,7
1379,19,4,7962,2,2
1380,20,1,7965,0,1
1381,21,0,7966,0,0
1382,0,1,0,0,0
1383,1,8,0,4,3
1384,2,26,0,9,16
1385,3,61,0,20,40
1386,4,143,0,55,87
1387,5,345,8,130,215
1388,6,769,26,281,487
1389,7,1671,61,620,1050
1390,8,3218,143,1156,2061
1391,9,5120,353,1801,3318
1392,10,6226,795,2156,4070
1393,11,5970,1732,2005,3965
1394,12,4530,3361,1483,3047
1395,13,2483,5473,774,1709
1396,14,947,7021,265,682
1397,15,270,7702,68,202
1398,16,81,7891,19,62
1399,17,16,7956,4,12
1400,18,4,7968,2,2
1401,19,0,7972,0,0
1402,0,1,0,0,0
1403,1,5,0,2,2
1404,2,13,0,4,8
1405,3,37,0,16,20
1406,4,97,0,36,60
1407,5,213,5,85,128
1408,6,494,13,201,293
1409,7,1066,37,383,682
1410,8,2213,97,782,1430
1411,9,3980,218,1382,2597
1412,10,5654,507,1898,3755
1413,11,6242,1103,2056,4186
1414,12,5481,2310,1760,3721
1415,13,3721,4198,1142,2579
1416,14,1797,6161,521,1276
1417,15,624,7345,171,453
1418,16,182,7791,51,131
1419,17,54,7919,18,36
1420,18,15,7958,5,10
1421,19,4,7969,3,1
1422,20,0,7973,0,0
1423,0,1,0,0,0
1424,1,6,0,3,2
1425,2,12,0,4,7
1426,3,19,0,7,11
1427,4,41,0,16,24
1428,5,94,6,36,58
1429,6,228,12,80,148
1430,7,537,19,186,351
1431,8,1195,41,414,781
1432,9,2438,100,792,1646
1433,10,4311,240,1418,2893
1434,11,5897,556,1914,3982
1435,12,6267,1236,1992,4274
1436,13,5313,2538,1681,3631
1437,14,3383,4551,1039,2343
1438,15,1508,6453,442,1066
1439,16,466,7503,129,337
1440,17,120,7851,39,81
1441,18,38,7934,10,28
1442,19,11,7961,2,9
1443,20,3,7969,0,3
1444,21,1,7971,0,1
1445,22,0,7972,0,0
1446,0,1,0,0,0
1447,1,3,0,0,2
1448,2,10,0,2,7
1449,3,21,0,6,14
1450,4,46,0,16,29
1451,5,112,3,36,76
1452,6,280,10,100,180
1453,7,660,21,228,432
1454,8,1466,46,476,990
1455,9,2869,115,945,1924
1456,10,4751,290,1535,3216
1457,11,6116,681,1931,4184
1458,12,6083,1512,1884,4198
1459,13,4871,2984,1459,3411
1460,14,2890,5041,825,2064
1461,15,1158,6797,300,858
1462,16,365,7595,89,276
1463,17,109,7855,27,82
1464,18,33,7931,5,28
1465,19,9,7955,2,7
1466,20,4,7960,2,2
1467,21,0,7964,0,0
1468,0,1,0,0,0
1469,1,5,0,0,4
1470,2,14,0,1,12
1471,3,36,0,12,23
1472,4,85,0,28,56
1473,5,176,5,58,118
1474,6,421,14,152,269
1475,7,995,36,339,656
1476,8,2069,85,658,1410
1477,9,3890,181,1227,2662
1478,10,5679,435,1718,3960
1479,11,6312,1031,1868,4443
1480,12,5617,2154,1658,3959
1481,13,3843,4071,1094,2749
1482,14,1844,6114,520,1324
1483,15,627,7343,175,452
1484,16,201,7771,50,151
1485,17,58,7914,15,43
1486,18,14,7958,3,11
1487,19,2,7970,0,2
1488,20,0,7972,0,0
1489,0,1,0,0,0
1490,1,3,0,0,2
1491,2,6,0,2,3
1492,3,14,0,4,9
1493,4,31,0,9,21
1494,5,68,3,20,48
1495,6,170,6,49,121
1496,7,396,14,108,288
1497,8,870,31,272,598
1498,9,1806,71,541,1265
1499,10,3386,176,1051,2335
1500,11,5224,410,1591,3632
1501,12,6208,901,1808,4399
1502,13,5839,1877,1681,4157
1503,14,4334,3562,1189,3144
1504,15,2318,5634,602,1716
1505,16,853,7109,219,634
1506,17,252,7716,66,186
1507,18,76,7896,17,59
1508,19,21,7952,3,18
1509,20,11,7962,0,11
1510,21,5,7968,0,5
1511,22,1,7972,0,1
1512,23,0,7973,0,0
1513,0,1,0,0,0
1514,1,4,0,0,3
1515,2,11,0,2,8
1516,3,23,0,5,17
1517,4,57,0,17,39
1518,5,125,4,42,83
1519,6,282,11,88,194
1520,7,618,23,178,440
1521,8,1345,57,384,961
1522,9,2707,129,812,1894
1523,10,4545,293,1323,3221
1524,11,5978,641,1686,4291
1525,12,6126,1402,1721,4404
1526,13,5021,2836,1357,3664
1527,14,3095,4838,811,2284
1528,15,1341,6619,365,976
1529,16,440,7528,113,327
1530,17,113,7857,24,89
1531,18,37,7933,11,26
1532,19,11,7960,1,10
1533,20,3,7968,0,3
1534,21,1,7970,0,1
1535,22,1,7970,0,1
1536,23,0,7971,0,0
1537,0,1,0,0,0
1538,1,2,0,0,1
1539,2,4,0,0,3
1540,3,10,0,0,9
1541,4,29,0,5,23
1542,5,71,2,17,54
1543,6,171,4,45,126
1544,7,419,10,117,302
1545,8,935,29,265,670
1546,9,2002,73,568,1434
1547,10,3709,175,1056,2653
1548,11,5443,429,1511,3932
1549,12,6293,964,1709,4583
1550,13,5698,2075,1524,4173
1551,14,4035,3884,1042,2992
1552,15,2080,5872,517,1562
1553,16,712,7257,171,541
1554,17,201,7773,41,160
1555,18,56,7919,7,49
1556,19,23,7952,5,18
1557,20,6,7969,0,6
1558,21,1,7974,0,1
1559,22,0,7975,0,0
1560,0,1,0,0,0
1561,1,4,0,2,1
1562,2,10,0,5,4
1563,3,26,0,10,15
1564,4,58,0,20,37
1565,5,148,4,40,108
1566,6,351,10,94,257
1567,7,813,26,207,606
1568,8,1797,58,479,1317
1569,9,3436,152,950,2485
1570,10,5268,361,1418,3849
1571,11,6264,839,1665,4598
1572,12,5862,1855,1523,4339
1573,13,4315,3588,1067,3248
1574,14,2325,5629,554,1771
1575,15,862,7103,191,671
1576,16,249,7717,51,198
1577,17,64,7903,14,50
1578,18,14,7954,2,12
1579,19,3,7965,0,3
1580,20,2,7966,0,2
1581,21,1,7967,0,1
1582,22,0,7968,0,0
1583,0,1,0,0,0
1584,1,2,0,1,0
1585,2,5,0,1,3
1586,3,14,0,3,10
1587,4,33,0,5,27
1588,5,68,2,15,53
1589,6,177,5,48,129
1590,7,420,14,120,300
1591,8,948,33,263,685
1592,9,1981,70,531,1450
1593,10,3709,182,965,2743
1594,11,5474,434,1396,4077
1595,12,6255,981,1554,4700
1596,13,5694,2051,1400,4293
1597,14,3998,3891,962,3036
1598,15,2033,5908,467,1566
1599,16,718,7236,166,552
1600,17,213,7745,41,172
1601,18,69,7889,12,57
1602,19,17,7941,2,15
1603,20,5,7954,0,5
1604,21,1,7958,0,1
1605,22,1,7958,0,1
1606,23,1,7958,0,1
1607,24,0,7959,0,0
1608,0,1,0,0,0
1609,1,5,0,1,3
1610,2,17,0,5,11
1611,3,49,0,11,37
1612,4,120,0,37,82
1613,5,269,5,70,199
1614,6,619,17,162,457
1615,7,1352,49,353,999
1616,8,2736,120,694,2041
1617,9,4595,274,1172,3422
1618,10,6018,636,1485,4532
1619,11,6135,1401,1458,4676
1620,12,4988,2856,1147,3841
1621,13,3063,4869,657,2406
1622,14,1302,6654,252,1050
1623,15,429,7536,83,346
1624,16,124,7844,29,95
1625,17,36,7932,7,29
1626,18,13,7956,3,10
1627,19,4,7965,2,2
1628,20,1,7968,0,1
1629,21,1,7968,0,1
1630,22,0,7969,0,0
1631,0,1,0,0,0
1632,1,2,0,1,0
1633,2,5,0,1,3
1634,3,9,0,1,7
1635,4,20,0,5,14
1636,5,53,2,15,38
1637,6,126,5,37,89
1638,7,306,9,72,234
1639,8,694,20,169,525
1640,9,1512,55,377,1135
1641,10,2990,131,716,2273
1642,11,4813,315,1182,3630
1643,12,6077,714,1432,4644
1644,13,6035,1567,1372,4662
1645,14,4717,3121,1055,3662
1646,15,2796,5128,568,2228
1647,16,1157,6791,222,935
1648,17,355,7602,64,291
1649,18,121,7838,20,101
1650,19,35,7924,6,29
1651,20,11,7948,1,10
1652,21,2,7957,0,2
1653,22,0,7959,0,0
1654,0,1,0,0,0
1655,1,3,0,0,2
1656,2,6,0,2,3
1657,3,17,0,4,12
1658,4,39,0,11,27
1659,5,99,3,29,70
1660,6,241,6,58,183
1661,7,563,17,134,429
1662,8,1207,39,282,925
1663,9,2445,102,564,1881
1664,10,4243,247,1000,3243
1665,11,5778,580,1330,4447
1666,12,6194,1246,1362,4831
1667,13,5261,2547,1135,4125
1668,14,3425,4490,683,2741
1669,15,1590,6358,277,1313
1670,16,515,7440,91,424
1671,17,150,7808,19,131
1672,18,44,7915,5,39
1673,19,12,7948,4,8
1674,20,5,7955,3,2
1675,21,2,7958,2,0
1676,22,1,7959,1,0
1677,23,0,7960,0,0
1678,0,1,0,0,0
1679,1,3,0,0,2
1680,2,9,0,0,8
1681,3,21,0,3,17
1682,4,44,0,5,38
1683,5,102,3,17,85
1684,6,232,9,49,183
1685,7,559,21,122,437
1686,8,1258,44,285,973
1687,9,2599,105,598,2001
1688,10,4490,241,1031,3458
1689,11,6041,580,1303,4737
1690,12,6211,1302,1309,4901
1691,13,5138,2704,1039,4098
1692,14,3213,4731,588,2625
1693,15,1345,6621,244,1101
1694,16,458,7513,73,385
1695,17,132,7842,18,114
1696,18,30,7944,4,26
1697,19,8,7966,0,8
1698,20,3,7971,0,3
1699,21,0,7974,0,0
1700,0,1,0,0,0
1701,1,6,0,2,3
1702,2,18,0,4,13
1703,3,47,0,9,37
1704,4,114,0,25,88
1705,5,264,6,59,205
1706,6,590,18,128,462
1707,7,1297,47,271,1026
1708,8,2612,114,576,2036
1709,9,4382,270,940,3441
1710,10,5923,608,1223,4699
1711,11,6103,1344,1248,4854
1712,12,5078,2726,975,4102
1713,13,3268,4652,589,2679
1714,14,1422,6531,238,1184
1715,15,515,7447,67,448
1716,16,160,7804,19,141
1717,17,44,7920,5,39
1718,18,11,7953,2,9
1719,19,2,7962,0,2
1720,20,0,7964,0,0
1721,0,1,0,0,0
1722,1,6,0,2,3
1723,2,12,0,4,7
1724,3,31,0,10,20
1725,4,72,0,20,51
1726,5,160,6,38,122
1727,6,371,12,79,292
1728,7,850,31,166,684
1729,8,1765,72,342,1423
1730,9,3354,166,653,2701
1731,10,5167,383,1026,4140
1732,11,6162,881,1206,4955
1733,12,5844,1837,1116,4727
1734,13,4361,3520,807,3553
1735,14,2395,5550,400,1995
1736,15,912,7043,128,784
1737,16,285,7681,35,250
1738,17,86,7881,13,73
1739,18,22,7945,4,18
1740,19,12,7955,3,9
1741,20,1,7966,0,1
1742,21,0,7967,0,0
1743,0,1,0,0,0
1744,1,3,0,0,2
1745,2,4,0,0,3
1746,3,13,0,3,9
1747,4,25,0,5,19
1748,5,54,3,13,41
1749,6,121,4,26,95
1750,7,296,13,63,233
1751,8,681,25,127,554
1752,9,1489,57,276,1213
1753,10,2949,125,562,2387
1754,11,4773,309,904,3868
1755,12,6091,706,1124,4966
1756,13,6063,1546,1088,4974
1757,14,4789,3074,825,3963
1758,15,2850,5082,453,2397
1759,16,1158,6797,170,988
1760,17,352,7609,49,303
1761,18,100,7863,14,86
1762,19,31,7932,4,27
1763,20,8,7955,1,7
1764,21,2,7961,1,1
1765,22,0,7963,0,0
1766,0,1,0,0,0
1767,1,7,0,2,4
1768,2,13,0,6,6
1769,3,34,0,11,22
1770,4,81,0,19,61
1771,5,177,7,34,143
1772,6,415,13,78,337
1773,7,939,34,183,755
1774,8,1964,81,386,1577
1775,9,3592,184,662,2929
1776,10,5350,428,921,4428
1777,11,6144,973,1025,5119
1778,12,5669,2045,913,4756
1779,13,4124,3776,646,3478
1780,14,2164,5778,348,1816
1781,15,846,7117,136,710
1782,16,254,7714,37,217
1783,17,69,7900,11,58
1784,18,27,7942,2,25
1785,19,6,7963,0,6
1786,20,1,7968,0,1
1787,21,0,7969,0,0
1788,0,1,0,0,0
1789,1,5,0,1,3
1790,2,14,0,3,10
1791,3,29,0,9,19
1792,4,70,0,14,55
1793,5,168,5,34,134
1794,6,370,14,71,299
1795,7,848,29,167,681
1796,8,1783,70,318,1465
1797,9,3311,173,585,2725
1798,10,5158,384,857,4300
1799,11,6152,877,962,5189
1800,12,5857,1853,907,4949
1801,13,4407,3484,641,3766
1802,14,2409,5542,343,2066
1803,15,934,7029,138,796
1804,16,255,7710,37,218
1805,17,74,7891,15,59
1806,18,14,7951,2,12
1807,19,2,7963,0,2
1808,20,0,7965,0,0
1809,0,1,0,0,0
1810,1,2,0,0,1
1811,2,4,0,2,1
1812,3,8,0,2,5
1813,4,21,0,5,15
1814,5,46,2,9,37
1815,6,124,4,18,106
1816,7,309,8,51,258
1817,8,699,21,124,575
1818,9,1526,48,267,1259
1819,10,2961,128,500,2460
1820,11,4783,317,772,4010
1821,12,6045,720,914,5130
1822,13,5976,1574,862,5113
1823,14,4748,3089,657,4091
1824,15,2829,5100,365,2464
1825,16,1194,6765,153,1041
1826,17,417,7550,59,358
1827,18,131,7837,20,111
1828,19,40,7929,7,33
1829,20,11,7959,1,10
1830,21,3,7967,0,3
1831,22,2,7968,0,2
1832,23,1,7969,0,1
1833,24,0,7970,0,0
1834,0,1,0,0,0
1835,1,4,0,0,3
1836,2,13,0,3,9
1837,3,38,0,6,31
1838,4,100,0,16,83
1839,5,267,4,44,223
1840,6,610,13,93,517
1841,7,1354,38,194,1160
1842,8,2706,100,398,2308
1843,9,4509,271,658,3850
1844,10,5981,623,846,5134
1845,11,6109,1392,852,5256
1846,12,5016,2806,684,4331
1847,13,3158,4780,409,2749
1848,14,1355,6604,170,1185
1849,15,467,7501,60,407
1850,16,150,7822,14,136
1851,17,34,7938,1,33
1852,18,14,7959,0,14
1853,19,6,7968,1,5
1854,20,3,7972,1,2
1855,21,3,7972,1,2
1856,22,2,7973,1,1
1857,23,1,7974,0,1
1858,24,0,7975,0,0
1859,0,1,0,0,0
1860,1,4,0,0,3
1861,2,9,0,1,7
1862,3,26,0,6,19
1863,4,53,0,7,45
1864,5,126,4,21,105
1865,6,283,9,41,242
1866,7,677,26,90,587
1867,8,1489,53,205,1284
1868,9,2903,130,371,2531
1869,10,4786,292,634,4151
1870,11,6049,703,820,5228
1871,12,6049,1542,798,5250
1872,13,4821,3033,639,4182
1873,14,2855,5078,359,2496
1874,15,1199,6752,120,1079
1875,16,367,7591,26,341
1876,17,108,7854,5,103
1877,18,30,7933,1,29
1878,19,12,7951,0,12
1879,20,5,7958,0,5
1880,21,1,7962,0,1
1881,22,0,7963,0,0
1882,0,1,0,0,0
1883,1,6,0,0,5
1884,2,10,0,0,9
1885,3,20,0,0,19
1886,4,46,0,4,41
1887,5,108,6,14,94
1888,6,260,10,40,220
1889,7,632,20,101,530
1890,8,1352,46,198,1153
1891,9,2718,114,374,2343
1892,10,4498,270,569,3928
1893,11,5917,652,719,5198
1894,12,6128,1398,710,5418
1895,13,5001,2832,555,4446
1896,14,3148,4768,340,2808
1897,15,1377,6569,130,1247
1898,16,433,7526,41,392
1899,17,131,7833,11,120
1900,18,49,7916,6,43
1901,19,19,7946,5,14
1902,20,6,7959,2,4
1903,21,1,7964,1,0
1904,22,0,7965,0,0
1905,0,1,0,0,0
1906,1,4,0,0,3
1907,2,7,0,0,6
1908,3,21,0,2,18
1909,4,53,0,4,48
1910,5,134,4,13,121
1911,6,303,7,35,268
1912,7,718,21,82,636
1913,8,1593,53,196,1397
1914,9,3113,138,375,2737
1915,10,4919,310,593,4325
1916,11,6147,739,712,5434
1917,12,5972,1646,652,5319
1918,13,4614,3251,484,4130
1919,14,2706,5229,250,2456
1920,15,1068,6886,82,986
1921,16,343,7618,26,317
1922,17,97,7865,6,91
1923,18,28,7935,0,28
1924,19,10,7954,0,10
1925,20,3,7961,0,3
1926,21,2,7962,0,2
1927,22,1,7963,0,1
1928,23,0,7964,0,0
1929,0,1,0,0,0
1930,1,6,0,0,5
1931,2,17,0,3,13
1932,3,37,0,4,32
1933,4,92,0,9,82
1934,5,213,6,24,189
1935,6,490,17,62,428
1936,7,1101,37,131,970
1937,8,2261,92,267,1994
1938,9,3972,219,435,3537
1939,10,5638,507,576,5061
1940,11,6193,1138,610,5582
1941,12,5433,2353,509,4923
1942,13,3736,4191,334,3401
1943,14,1810,6145,153,1657
1944,15,636,7331,50,586
1945,16,181,7786,10,171
1946,17,41,7927,2,39
1947,18,13,7955,1,12
1948,19,1,7967,0,1
1949,20,1,7967,0,1
1950,21,0,7968,0,0
1951,0,1,0,0,0
1952,1,5,0,0,4
1953,2,14,0,1,12
1954,3,33,0,4,28
1955,4,78,0,6,71
1956,5,175,5,15,160
1957,6,406,14,34,372
1958,7,921,33,80,841
1959,8,1945,78,198,1746
1960,9,3677,180,356,3320
1961,10,5421,420,515,4905
1962,11,6229,954,567,5661
1963,12,5695,2023,492,5203
1964,13,4036,3857,340,3696
1965,14,2093,5841,165,1928
1966,15,765,7183,64,701
1967,16,237,7718,20,217
1968,17,64,7893,5,59
1969,18,23,7934,1,22
1970,19,9,7948,1,8
1971,20,2,7955,0,2
1972,21,0,7957,0,0
1973,0,1,0,0,0
1974,1,6,0,1,4
1975,2,17,0,2,14
1976,3,41,0,3,37
1977,4,107,0,10,96
1978,5,240,6,21,219
1979,6,552,17,44,508
1980,7,1199,41,110,1089
1981,8,2445,107,212,2233
1982,9,4253,246,357,3896
1983,10,5799,569,472,5326
1984,11,6190,1240,481,5708
1985,12,5248,2552,403,4844
1986,13,3411,4499,251,3159
1987,14,1581,6368,118,1463
1988,15,530,7430,42,488
1989,16,162,7800,13,149
1990,17,52,7910,8,44
1991,18,13,7949,2,11
1992,19,2,7960,2,0
1993,20,0,7962,0,0
1994,0,1,0,0,0
1995,1,5,0,0,4
1996,2,15,0,0,14
1997,3,41,0,0,40
1998,4,108,0,5,102
1999,5,265,5,19,246
2000,6,596,15,45,551
2001,7,1299,41,115,1184
2002,8,2534,108,223,2311
2003,9,4283,270,339,3944
2004,10,5752,611,425,5327
2005,11,6076,1340,414,5661
2006,12,5168,2642,322,4845
2007,13,3371,4553,197,3173
2008,14,1586,6363,85,1500
2009,15,545,7416,28,517
2010,16,153,7810,7,146
2011,17,40,7924,2,38
2012,18,15,7949,2,13
2013,19,3,7961,0,3
2014,20,1,7963,0,1
2015,21,0,7964,0,0
2016,0,1,0,0,0
2017,1,6,0,0,5
2018,2,14,0,1,12
2019,3,30,0,1,28
2020,4,71,0,3,67
2021,5,170,6,10,160
2022,6,404,14,33,371
2023,7,948,30,70,878
2024,8,2020,71,147,1873
2025,9,3717,176,253,3464
2026,10,5486,418,351,5135
2027,11,6233,978,371,5862
2028,12,5626,2091,316,5309
2029,13,3993,3893,213,3779
2030,14,2034,5904,92,1941
2031,15,743,7211,35,707
2032,16,241,7717,12,229
2033,17,73,7886,2,71
2034,18,21,7938,1,20
2035,19,5,7954,1,4
2036,20,1,7958,0,1
2037,21,0,7959,0,0
2038,0,1,0,0,0
2039,1,4,0,0,3
2040,2,11,0,0,10
2041,3,29,0,0,28
2042,4,71,0,2,68
2043,5,177,4,13,164
2044,6,416,11,28,388
2045,7,920,29,51,869
2046,8,1967,71,103,1864
2047,9,3635,181,181,3453
2048,10,5360,427,264,5095
2049,11,6170,949,310,5859
2050,12,5684,2038,280,5403
2051,13,4070,3816,200,3870
2052,14,2161,5787,107,2054
2053,15,843,7119,38,805
2054,16,245,7722,14,231
2055,17,81,7886,5,76
2056,18,20,7948,0,20
2057,19,8,7962,0,8
2058,20,3,7967,0,3
2059,21,3,7967,0,3
2060,22,2,7968,0,2
2061,23,0,7970,0,0
2062,0,1,0,0,0
2063,1,6,0,1,4
2064,2,14,0,1,12
2065,3,36,0,1,34
2066,4,81,0,5,75
2067,5,184,6,7,177
2068,6,405,14,20,385
2069,7,892,36,45,847
2070,8,1878,81,79,1799
2071,9,3462,190,141,3320
2072,10,5265,419,206,5058
2073,11,6164,928,232,5931
2074,12,5743,1959,226,5516
2075,13,4220,3652,165,4055
2076,14,2250,5684,90,2160
2077,15,868,7092,40,828
2078,16,262,7702,8,254
2079,17,96,7872,4,92
2080,18,34,7934,1,33
2081,19,8,7960,0,8
2082,20,4,7964,0,4
2083,21,0,7968,0,0
2084,0,1,0,0,0
2085,1,3,0,0,2
2086,2,9,0,0,8
2087,3,16,0,0,15
2088,4,41,0,1,39
2089,5,83,3,3,80
2090,6,202,9,8,194
2091,7,468,16,10,458
2092,8,1075,41,29,1046
2093,9,2165,86,58,2107
2094,10,3832,211,120,3712
2095,11,5538,484,178,5359
2096,12,6161,1116,184,5976
2097,13,5485,2251,167,5317
2098,14,3843,4043,104,3738
2099,15,1919,6022,47,1872
2100,16,675,7277,21,654
2101,17,219,7736,7,212
2102,18,69,7886,3,66
2103,19,14,7941,0,14
2104,20,3,7952,0,3
2105,21,0,7955,0,0
2106,0,1,0,0,0
2107,1,3,0,0,2
2108,2,6,0,0,5
2109,3,16,0,0,15
2110,4,49,0,0,48
2111,5,124,3,1,122
2112,6,282,6,3,278
2113,7,632,16,9,622
2114,8,1359,49,27,1331
2115,9,2683,127,52,2631
2116,10,4496,288,95,4401
2117,11,5945,648,125,5820
2118,12,6087,1408,124,5963
2119,13,5010,2810,103,4907
2120,14,3131,4784,59,3072
2121,15,1350,6593,23,1327
2122,16,454,7495,6,448
2123,17,136,7820,1,135
2124,18,41,7915,0,41
2125,19,14,7943,0,14
2126,20,8,7949,0,8
2127,21,1,7956,0,1
2128,22,1,7956,0,1
2129,23,0,7957,0,0
2130,0,1,0,0,0
2131,1,3,0,0,2
2132,2,6,0,0,5
2133,3,16,0,0,15
2134,4,41,0,1,39
2135,5,101,3,1,100
2136,6,241,6,2,239
2137,7,569,16,6,562
2138,8,1252,41,15,1236
2139,9,2523,104,33,2489
2140,10,4360,247,47,4312
2141,11,5811,585,60,5751
2142,12,6147,1293,57,6090
2143,13,5164,2627,41,5123
2144,14,3310,4607,29,3281
2145,15,1559,6396,12,1547
2146,16,524,7440,5,519
2147,17,175,7791,3,172
2148,18,49,7917,0,49
2149,19,11,7955,0,11
2150,20,2,7964,0,2
2151,21,0,7966,0,0
2152,0,1,0,0,0
2153,1,7,0,0,6
2154,2,28,0,0,27
2155,3,122,0,0,121
2156,4,523,0,0,522
2157,5,2045,7,0,2045
2158,6,5581,28,0,5581
2159,7,7666,122,0,7666
2160,8,7473,523,0,7473
2161,9,5949,2052,0,5949
2162,10,2392,5609,0,2392
2163,11,213,7788,0,213
2164,12,5,7996,0,5
2165,13,0,8001,0,0
